aspect,reviews,low_rated_reviews,low_rated_share,distinct_products,meets_support_rule_alone,example_1,example_2,example_3
product quality,34,32,0.1022,33,yes,what a piece of crap,Felt flimsy,is horrible
product effectiveness,24,23,0.0735,23,yes,less soft and less effective,It's not anti fog,Pulls out lashes
scent,22,19,0.0607,20,yes,Smells horible,does not smell well,This smells GROSS!
value for money,18,18,0.0575,17,yes,Well I guess you get what you pay for,i wasted my money,Waist of money
not effective,17,17,0.0543,17,yes,Didn't work good for me at all,This item does not work,did not help my lips
product durability,15,15,0.0479,15,yes,It did not receive heavy use,just died after less than a year of use,doesn't look good sturdy
texture,15,14,0.0447,13,yes,Way to rough,theae are super rough,Cream not smooth
price,15,13,0.0415,14,yes,Overpriced with low quality,not too expensive,feels like I got it from the dollar tree
product performance,13,13,0.0415,13,yes,Not what I expected,Flakes and smears more than I thought it would,getting them to stay on
small size,12,12,0.0383,11,yes,A bit too small if you have medium-long hair,cheep casing for the lipstick,this thing is tiny for the price
size,8,8,0.0256,8,no,much larger led lamp,would like something smaller,Too big
skin irritation,9,8,0.0256,9,no,after having it in for about 4 days is terrible,my skin got irritated,it irritated my face bad
product functionality,7,7,0.0224,7,no,I can no longer use the bag,Comb also gets caught in my hair and pulls at the axis,Would not function properly
product satisfaction,8,7,0.0224,8,no,did not like,Not impressed,DISAPPOINTED
product appearance,8,6,0.0192,8,no,I'm upset that they did not come like the picture,It was not like the picture,the black charcoal looks like a spoonful
damaged packaging,5,5,0.0160,5,no,it came in damaged,miror was all scrached,The box that the item came in was damaged
effectiveness,5,5,0.0160,5,no,not wowed,Does not work as well as normal pore strips,You might as well splash water on your face!!
product damage,6,5,0.0160,6,no,all the teeth had fallen off it,piece of metal hit the floor,They came broken
product usability,5,5,0.0160,5,no,Pain in the ass,Impossible to use,I can't even use them
customer satisfaction,4,4,0.0128,4,no,Very disappointed!,I am so disappointed,am pretty disappointed with it
hair damage,4,4,0.0128,4,no,my hair breaks and falls pretty badly,It yanks out too much hair while detangling,now my hair is more brittle
low quality,4,4,0.0128,4,no,very low quality,Explains the price,Very cheaply made
product defect,4,4,0.0128,3,no,One had its safely switch broken,The ear was detached from the headband,It’s not fully attached on the right side
product fit,4,4,0.0128,4,no,I does not fit on any blow dryer,The drill bits did not fit into the handle,Does not fit to dryer at all
product recommendation,4,4,0.0128,4,no,I would not recommend this product,I would not recommend this set,Don't buy it
purchase decision,4,4,0.0128,4,no,Won't buy this again,Would never have bought these if I would have seen them,Would not have bought them
application,3,3,0.0096,3,no,went on like elmers glue,Application difficult,It doesn't draw easily
bristle stiffness,3,3,0.0096,3,no,My husband was hoping for stiffer bristles,bristles are not stiff enough,Bristles aren't as stiff as I thought they'd be
broken product,3,3,0.0096,3,no,When I received the package the  blush sets were broken,The highlight pallet was broken,would've been great if it didn't arrive broken
brush size,3,3,0.0096,3,no,The brushes are too small,These brushes are smaller than they appear,Brush is soft but small
brushing effectiveness,3,3,0.0096,2,no,I had ordered this brush anticipating a difference in brushing,No difference in ease of brushing or hair loss on the brush,I don't like it can't brush my hair
color mismatch,3,3,0.0096,3,no,The color did not match as expected,the green one looks like gray,Not happy with the colors received
damaged product,3,3,0.0096,3,no,Arrived with the pumice stone cracked,it was a very damaged and broken,product was going to be damaged as well
ease of use,3,3,0.0096,3,no,she had difficulties putting them on,Difficult to use,for the value they’re easier to use
eye irritation,3,3,0.0096,3,no,Don’t wipe near eyes or you’ll be in world of hurt,Burned my eyes,eyes also tend to burn
leaks in transit,3,3,0.0096,3,no,It even leaks,I've already had a blow out with two of the three bags,your lube leaked onto your clothes
missing instructions,3,3,0.0096,3,no,Would have been nice if it came with instructions,Doesn't come with instructions on how to use it.,Doesnt come with any directions
product description,3,3,0.0096,3,no,not as advertised,description is confusing,it was advertised as for both sink or shower
product design,3,3,0.0096,3,no,tails is on a hair claw clip,Not sure how you manage to mess up a shower cap,the new brush shape is harder to use
product mismatch,3,3,0.0096,3,no,Not what I expected it to be,Not at all what was expected,I bought it specifically because ut showed Afro hair
product size,4,3,0.0096,4,no,This bundle had a child-size wig,smaller then I expected,a lot fatter
product suitability,4,3,0.0096,4,no,But don't but if you are looking for Coty musk,I HAVE A KIT I CAN NOT USE BECAUSE IM A WOMAN,It's ok as a 'before bed' hair brush
product usage,3,3,0.0096,3,no,I unlocked and locked it once a day,DO NOT USE ON EYEBROWS OR EYELASHES,My daughter used this when we first got it
return policy,3,3,0.0096,3,no,"At this point, it’s too late to return it",Unfortunately cannot return,Hope to be able to return it
short lifespan,3,3,0.0096,2,no,I would've only gotten maybe 4 months of usage at best,It worked good at first but did not last long,You don’t get much use from it
appearance,2,2,0.0064,2,no,The Jewelry looks kind of cheap,Very cheap and cheap looking,
brush effectiveness,2,2,0.0064,1,no,Bristles are too short and too close together,to effectively brush my hair and I have thin hair!,"it looked good, but didn't brush through my hair at all"
brush quality,2,2,0.0064,2,no,The brush it cheap feeling,Most of the brushes I couldn't use,
chemical smell,3,2,0.0064,3,no,strong chemical smell,very big chemical/plastic smell,there is a chemical smell I will have to air off
color accuracy,2,2,0.0064,2,no,The color was not as pictured,the glass is not amber,
color change,2,2,0.0064,2,no,Dont seem to change color,color change not as expected,
comfort,2,2,0.0064,2,no,was bruised by the end of the night,was uncomfortable,
customer service,3,2,0.0064,3,no,costumer support wasn’t able to get a replacement,No response from OZnatural after sending them a couple of emails,I want to thank ya
customer support,2,2,0.0064,2,no,I need help asap,There is nowhere to get a replacement cord,
durability,2,2,0.0064,2,no,they rip with the slightest touch,easily scratches off,
fit,2,2,0.0064,2,no,kept falling down my face on to the bridge of my nose,Does not fit properly,
hair texture,2,2,0.0064,2,no,mine is frizzy,Leaves ends of hair feeling coarse,
heat output,2,2,0.0064,2,no,Just warm,This blowdryer doesn't get as hot as my old one,
heating function,2,2,0.0064,2,no,Does not get hot,my iron will not heat up,
ingredient composition,2,2,0.0064,2,no,It contains Eugenol (clove oil) and it smells like it!,The first two ingredients are water and alcohol,
longevity,2,2,0.0064,2,no,they don't last nearly as long,love the powder but doesn't last very long,
messiness,2,2,0.0064,2,no,excess off my eyelids,it's a mess,
money wasted,2,2,0.0064,2,no,So I justed wasted my money on this produce,I honestly waiste my money,
overheating,2,2,0.0064,2,no,it started overheating,Drill kept over hearing to the point it burned your hands,
packaging quality,2,2,0.0064,2,no,it doesn’t appear to be packaged professionally,packaging they came in sucked though,
poor quality,2,2,0.0064,2,no,"it works, but poor quality",quality was terrible,
product consistency,2,2,0.0064,2,no,the developer wouldn't come out of the bottle,"it felt really hard, not liquid",It's gummy but doesn't seem to have sticky/glueness
product disposal,2,2,0.0064,2,no,Threw it away,I threw it away,
product dissatisfaction,2,2,0.0064,2,no,I did not like this product at all,Defiantly returning this,
product not usable,2,2,0.0064,2,no,Not able to use this produce,will not be using an opened product,
product purpose,2,2,0.0064,2,no,This is for beards and mustache only,I bought this for under eye circles,
product return,2,2,0.0064,2,no,"Overall, It was a return",Returning it,
product safety,2,2,0.0064,2,no,Im always afraid of losing them,very dangerous to use this cream!,
product value,2,2,0.0064,2,no,This kit was a total waste of money,I got one bottle of top coat that was useful,Waste of money
residue,2,2,0.0064,2,no,left slim residue,leaves residue in tub,
scent strength,2,2,0.0064,2,no,not as strong as I thought,The scent is not strong,
skin reaction,2,2,0.0064,2,no,I reacted terribly to it,they still made her armpits breakout,
softness,2,2,0.0064,2,no,never softened up,This brush is EXTREMELY soft,
sprayer durability,2,2,0.0064,2,no,sprayer could be more sturdy,The sprayer broke after a few uses.,
time required,2,2,0.0064,2,no,It took 20-30 minutes for her to get it off,had to leave for more time,
weight,2,2,0.0064,2,no,very heavy,it very heavy,
zipper durability,2,2,0.0064,2,no,zipper attached to the lock broke,The zipper broke right away,
acne breakouts,1,1,0.0032,1,no,did make me break out,,
activator malfunction,1,1,0.0032,1,no,The activator stopped working after one use,,
adhesive effectiveness,1,1,0.0032,1,no,It didn't stick latex to skin,It also wouldn't stick fabric to skin,or a wig to skin
adhesive failure,1,1,0.0032,1,no,it would not stick to the floor,,
adjustment needed,1,1,0.0032,1,no,constantly felt like I had to adjust it,,
air output,1,1,0.0032,1,no,Doesn't shoot yo much air,,
allergic reaction,1,1,0.0032,1,no,I'm not sure if I'm allergic to them or what,,
annoying experience,1,1,0.0032,1,no,which is pretty annoying,,
anti-aging,1,1,0.0032,1,no,when I am done with the bottle,,
apple orientation,1,1,0.0032,1,no,The apple on this is the wrong way,,
application difficulty,2,1,0.0032,2,no,It was not easy to apply,They are hard to place on,
application effort,1,1,0.0032,1,no,With a lot of trimming,too much work trying to shape them,
application issue,1,1,0.0032,1,no,Does not apply as other products received,,
assembly difficulty,1,1,0.0032,1,no,Super difficult to put together,,
attachment method,1,1,0.0032,1,no,flower is glued onto the clip,,
bad odor,1,1,0.0032,1,no,has a horrible odor directly out of the box!!!!!,,
band difficulty,1,1,0.0032,1,no,the band a little harder to work with,,
better alternatives available,1,1,0.0032,1,no,there are better Argan Oil shampoos out there for a similar price,,
blades wear,1,1,0.0032,1,no,blades wore out,,
blendability,1,1,0.0032,1,no,it was kind of hard to blend,,
body odor,1,1,0.0032,1,no,I get super stinky if I don't use deodorant/antiperspirant,Gives me a weird smell,
breakout,1,1,0.0032,1,no,It didn't,,
bristle durability,1,1,0.0032,1,no,one of the bristles came out,,
bristle insert detachment,1,1,0.0032,1,no,bristle insert pops out of the frame,,
bristle length,1,1,0.0032,1,no,Bristles seem too short to actually do a better job,,
bristle reinsertion needed,1,1,0.0032,1,no,I have to pop it back in,,
bristle size,1,1,0.0032,1,no,Bristles are too small for an adult,,
bristle softness,1,1,0.0032,1,no,The softer bristles work fine for me,,
bristle texture,1,1,0.0032,1,no,The texture of the bristles,,
bristles falling out,1,1,0.0032,1,no,bristles are falling out,,
bristles loosen easily,1,1,0.0032,1,no,Bristles come out too easy after the first use,,
bristles not fitting,1,1,0.0032,1,no,my bushes really don't fit the rubber holders,,
bristles texture,1,1,0.0032,1,no,Brush bristles are all hard and stuck together,,
brush functionality,1,1,0.0032,1,no,makes the brush not overly functional,,
brush tangle issue,1,1,0.0032,1,no,Every time the brush hits a tangle,,
brush texture,1,1,0.0032,1,no,they feel like paint brushes,,
brush tip damage,1,1,0.0032,1,no,several of the tips bent or were frayed,,
brushes not clean,1,1,0.0032,1,no,my brushes are still dirty at the base of the bristles,,
bulbs not new,1,1,0.0032,1,no,Works great except the bulbs aren't new,,
burn risk,1,1,0.0032,1,no,burns my finger,,
capsule difficulty,1,1,0.0032,1,no,the ends wouldn't come apart without my crushing them,,
cellulite effectiveness,1,1,0.0032,1,no,I don't see any difference in my cellulite,,
charging design,1,1,0.0032,1,no,plugged when the razor is fully charged,,
charging issues,1,1,0.0032,1,no,I have tried multiple ports to start recharge the unit,it is not taking on any charge,
charging time,1,1,0.0032,1,no,took a long time to recharge,,
child disappointment,1,1,0.0032,1,no,the kids were very disapppainted,,
cleaning difficulty,1,1,0.0032,1,no,not easy to clean,,
cleaning effectiveness,1,1,0.0032,1,no,it doesn't make my hair as clean,,
closure functionality,1,1,0.0032,1,no,They dont close properly,because they dont snap closed,
color effectiveness,1,1,0.0032,1,no,some of the colors don't change,,
color fades quickly,1,1,0.0032,1,no,Pretty color but doesnt last,,
color options,1,1,0.0032,1,no,"Ex: Black, black with sparkles, dark blue, dark blue with sparkles, etc.",,
color quality,1,1,0.0032,1,no,was more just a flat color,,
color selection,2,1,0.0032,2,no,Got 6 very ugly colors,would have preferred there to be some burgundies and deep reds,
color shade,1,1,0.0032,1,no,Too dark for me,,
color suitability,1,1,0.0032,1,no,way to peachy orange for my skin tone,,
color variety,1,1,0.0032,1,no,I received 9/10 dark colors,,
color vibrancy,1,1,0.0032,1,no,Colors are not as vibrant as expected,,
comfort level,1,1,0.0032,1,no,not very comfortable,,
compatibility with product,1,1,0.0032,1,no,Doesn’t work with dollar shave club heads.,,
compensation,1,1,0.0032,1,no,I am not being compensated for this review,,
complicated opening,1,1,0.0032,1,no,two pieces that have to be separated to open it,,
construction quality,1,1,0.0032,1,no,they dont look as smoothly constructed,,
container leakage,1,1,0.0032,1,no,The container leaked,,
control difficulty,1,1,0.0032,1,no,button on the side of the curler was difficult to control,,
control over horsepower,1,1,0.0032,1,no,This doesn't have much control over the horsepower actually needed,,
control placement,1,1,0.0032,1,no,controls are on the handle,,
country of origin,1,1,0.0032,1,no,it is made in China now,,
coverage effectiveness,1,1,0.0032,1,no,It didn't cover well,,
curlers size,1,1,0.0032,1,no,Curlers are too small for my hair,,
customer trust,1,1,0.0032,1,no,I won't fall for that again!,,
damages scalp,1,1,0.0032,1,no,y dss as ña el cuero cabelludo,,
delivery delay,1,1,0.0032,1,no,No e recibido mi perfume,,
description accuracy,1,1,0.0032,1,no,I’m returning as the seller misled in their description,,
description mismatch,1,1,0.0032,1,no,Description says with lids!!!!,,
design flaw,1,1,0.0032,1,no,flower stick out awkwardly,,
design usability,1,1,0.0032,1,no,difficulty in getting the three blades properly reset,,
device failure,1,1,0.0032,1,no,now it won't come back on,,
device malfunction,1,1,0.0032,1,no,shuts itself off constantly,,
difficult to remove,1,1,0.0032,1,no,plastic protective cover was very hard to remove,,
difficulty to use,1,1,0.0032,1,no,Its not very easy to work with,,
diffuser durability,1,1,0.0032,1,no,the diffuser ripped,,
diffuser fit,1,1,0.0032,1,no,The diffuser does not fit,,
diffuser stretching,1,1,0.0032,1,no,I tried to stretch it over the end of the dryer,,
dirty packaging,1,1,0.0032,1,no,The box itself was filthy,,
disappointment,1,1,0.0032,1,no,So disappointed!,,
dries out,1,1,0.0032,1,no,No bueno reseca,,
drill bit removal,1,1,0.0032,1,no,The drill bit won't remove,,
drill grinder removal,1,1,0.0032,1,no,Cant remove the drill grinder,,
dryer opening size,1,1,0.0032,1,no,"The dryer opening is 2.25""",,
drying time,1,1,0.0032,1,no,The polish never dries,,
dryness,1,1,0.0032,1,no,It is unscented which is good but its sort of dry,,
duplicate colors,1,1,0.0032,1,no,i looks like different colors but same color is twice,,
duration effectiveness,1,1,0.0032,1,no,for more gen five minutes,,
duration needed,1,1,0.0032,1,no,after few washes,,
dye longevity,1,1,0.0032,1,no,it only lasted for a day,,
dye visibility,1,1,0.0032,1,no,I can barely see the dye,,
early failure,1,1,0.0032,1,no,just shut down on me even though I charged it,,
electrical failure,1,1,0.0032,1,no,After 3 months it popped my outlet,,
environmental impact,1,1,0.0032,1,no,I am afraid to put it in the garbage,,
excessive packaging,1,1,0.0032,1,no,overly packaged,,
excessive power,1,1,0.0032,1,no,This thing is scary powerful,,
expectations unmet,1,1,0.0032,1,no,I was really hoping for better,,
expired component,1,1,0.0032,1,no,expired light source,,
extremely drying,1,1,0.0032,1,no,has dried my lips out so much,,
eye safety,1,1,0.0032,1,no,hot tools close to your eyeballs,,
eye shape flattery,1,1,0.0032,1,no,they also didn’t flatter my eye shape,,
fabric quality,1,1,0.0032,1,no,Not a thick quality fabric,,
face appearance,1,1,0.0032,1,no,my face looks fat,,
face application,1,1,0.0032,1,no,when I tried it on my face it would not appear,,
fake appearance,1,1,0.0032,1,no,It definitely looked super fake,,
fake product detection,1,1,0.0032,1,no,even my 7 year old could tell that they were fake,,
fake shopkins,1,1,0.0032,1,no,the shopkins inside were not real,,
false description,1,1,0.0032,1,no,false description of this product that it works on gel,,
feeling,1,1,0.0032,1,no,Tickles my feet,,
fiber fallout,1,1,0.0032,1,no,Fibers fall really bad off of eye lashes,,
fit hairdryer,1,1,0.0032,1,no,Doesn't really fit my hairdryer,,
fit issue,1,1,0.0032,1,no,Too much head and not enough hat,did not fit over my head,
fitting design,1,1,0.0032,1,no,the fitting was only designed for sink installation,,
fogging issue,1,1,0.0032,1,no,it has fogged up since day 1,,
formula consistency,1,1,0.0032,1,no,very wet formula,,
formula sticks,1,1,0.0032,1,no,stick to each other everytime my lips touch,,
fragile,1,1,0.0032,1,no,looks like it gonna break anytime,,
fragile construction,1,1,0.0032,1,no,falls apart,,
fragile packaging,1,1,0.0032,1,no,lose a few items as you graciously jog through the airport,,
functional issue,1,1,0.0032,1,no,does not stay open,,
functionality,1,1,0.0032,1,no,Does not hold much hair,,
gift disappointment,1,1,0.0032,1,no,i sent as a gift to my mother,,
gift embarrassment,1,1,0.0032,1,no,Kind of embarrassing,,
glue effectiveness,1,1,0.0032,1,no,reattach at glue site doesn't work well,,
greasiness,1,1,0.0032,1,no,my hair greasy pretty soon,,
greasy feeling,1,1,0.0032,1,no,leaves a slight greasy feeling for a bit,,
greasy texture,1,1,0.0032,1,no,it leaves a greasy feeling to my skin,,
hair change,1,1,0.0032,1,no,my hair was not any different,,
hair curling effectiveness,1,1,0.0032,1,no,so doesn't curl hair,,
hair hold,1,1,0.0032,1,no,these just don't hold,,
hair length compatibility,1,1,0.0032,1,no,my hair (a little longer then shoulder length ),,
hair loss,1,1,0.0032,1,no,y caída de cabello,,
hair pulling,1,1,0.0032,1,no,It literately pulled my hair,,
hair quantity,1,1,0.0032,1,no,They don’t give you a lot of hair in the package,It’s not even a decent amount,
hair static,1,1,0.0032,1,no,similar to how your hair 'stick's when there's static,,
hair straightening,1,1,0.0032,1,no,hard to straighten hair,,
hair tangling,1,1,0.0032,1,no,tangles too much,,
hair thinning,1,1,0.0032,1,no,my eyelashes became thinner,,
hair type,1,1,0.0032,1,no,fine hair,,
hair weight,1,1,0.0032,1,no,weighted down hair,,
hairline naturalness,1,1,0.0032,1,no,hairline was not as natural as I prefer,,
hairs dampness,1,1,0.0032,1,no,Brush hairs begin to get a strong damp order,,
handle length,2,1,0.0032,2,no,Handle shorter though can still reach all areas of back with effort,the handles are long enough that they feel good in my hand,
head tightness,1,1,0.0032,1,no,To tight on my head,,
heat intensity,1,1,0.0032,1,no,Heats up so so much the tip,,
heat regulation,1,1,0.0032,1,no,constantly turning down heat,,
heating performance,1,1,0.0032,1,no,it barely gets warm,you can hardly feel the heat,
heating support,1,1,0.0032,1,no,needs a support like most curling irons while it is heating,,
heating temperature,1,1,0.0032,1,no,Doesn't get hot enough,,
hidden ingredients,1,1,0.0032,1,no,Would not have bought this product if I knew,,
illustration availability,1,1,0.0032,1,no,"Some, not all of the items have illustrations",,
illustration clarity,1,1,0.0032,1,no,or are simple line drawings that I cannot understand,,
illustration quality,1,1,0.0032,1,no,Most of the pictures are either too blurry,,
image clarity,1,1,0.0032,1,no,to be able to tell what the image is,,
image size,1,1,0.0032,1,no,a lot of the images are thick and big,,
inadequate cooling,1,1,0.0032,1,no,after resetting the breaker it only blew cold air,,
inadequate effectiveness,1,1,0.0032,1,no,it takes several passes - 3 to be exact,,
inadequate function,1,1,0.0032,1,no,did ot serve any purpose I wanted it to,,
inappropriate attachment,1,1,0.0032,1,no,With the fine disk not the course,,
incomplete coverage,1,1,0.0032,1,no,have to use a second mascara,,
incorrect color,1,1,0.0032,1,no,And I was expecting blue not green,,
incorrect delivery confirmation,1,1,0.0032,1,no,me di se que ya lo recibimos,,
ingredient inclusion,1,1,0.0032,1,no,this contains hemp oil,,
ingredient list missing,1,1,0.0032,1,no,retinol was NOT even listed,,
ingredient placement,1,1,0.0032,1,no,Aloe is the fourth ingredient,,
initial performance,1,1,0.0032,1,no,first shave felt like it took ages,,
instruction clarity,1,1,0.0032,1,no,instructions are written by a non-native speaker,,
instructions clarity,1,1,0.0032,1,no,Instructions are sketchy at best,,
insufficient quantity,1,1,0.0032,1,no,versus 1 ounce...can't even dip a finger in to cover nail,,
labeling omission,1,1,0.0032,1,no,Not mentioned on the product or anywhere on the website,,
lack of effectiveness,1,1,0.0032,1,no,does not make lashes longer,,
lack of features,1,1,0.0032,1,no,No fragrance no cooling affect nothing at all...,,
lack of luminosity,1,1,0.0032,1,no,Lacked glow you get from a good blush,,
lack of privacy,1,1,0.0032,1,no,no privacy at all,,
lack of shine,1,1,0.0032,1,no,never produced any shine,,
lather quality,1,1,0.0032,1,no,"Thin lather, even with soft water",,
leakage,1,1,0.0032,1,no,liquid leak out of the pump nozel,with the slightest pressure,like lifting the bottle just to wipe the countertop underneath
leakage during use,1,1,0.0032,1,no,As soon as I tried to apply oil to my hair,,
leaking packaging,1,1,0.0032,1,no,Open and leaking on everything in the box,,
length,1,1,0.0032,1,no,it's too long,,
lid durability,1,1,0.0032,1,no,plastic lid came off,,
light effectiveness,1,1,0.0032,1,no,The light dries the polish after maybe an hour of use,,
light functionality,1,1,0.0032,1,no,The light wouldn’t come on at all.,,
light performance,1,1,0.0032,1,no,the light is dimmed to the point where it’s useless.,,
light reflection,1,1,0.0032,1,no,You can barely see the light shine,,
limited effectiveness,1,1,0.0032,1,no,my feet did peel mostly on the top,,
limited use,1,1,0.0032,1,no,made to help you with your nails only a couple of times,,
lip reaction,1,1,0.0032,1,no,I love them but what they did to my lip,,
loose gem,1,1,0.0032,1,no,one of the gems came off,,
lot number mismatch,1,1,0.0032,1,no,Wrong lot number stuck to the external box,different lot number inside the case,
low usage,1,1,0.0032,1,no,I didn't use it regularly,,
magnification quality,1,1,0.0032,1,no,"the magnification is well, NOT good at all",,
magnification window size,1,1,0.0032,1,no,Window of magnification very small,,
material composition,1,1,0.0032,1,no,Mostly plastic,,
material quality,1,1,0.0032,1,no,I expected a much softer material,,
mirror clarity,1,1,0.0032,1,no,rest of mirror blurry,,
mirror fogging,1,1,0.0032,1,no,mirror fogs nonstop,,
mirror quality,1,1,0.0032,1,no,The mirror was very dull,,
misleading advertising,1,1,0.0032,1,no,Display what the hair really is n stop misleading people...,,
missing brushes,1,1,0.0032,1,no,It was missing four brushes,,
missing ingredient,1,1,0.0032,1,no,does not eve contain retinol,,
missing item,1,1,0.0032,1,no,The package arrive but there was no leash,Just the harness,
missing lids,1,1,0.0032,1,no,No lids.,,
missing pieces,1,1,0.0032,1,no,Pieces were missing.,,
missing product part,1,1,0.0032,1,no,Did not receive tail :(,,
motor failure,1,1,0.0032,1,no,Motor completely dead,,
motor performance,1,1,0.0032,1,no,motor to be poor,,
nail fit,1,1,0.0032,1,no,not sure if a lot of them will fit on nails,,
nail residue,1,1,0.0032,1,no,oily it left my nails after I used it,,
nail size,1,1,0.0032,1,no,The nails are too narrow for my nail plate,,
nail thickness,1,1,0.0032,1,no,center of the nail came out SUPER thick,,
natural alternative effectiveness,1,1,0.0032,1,no,she thought trying something more natural would be helpful,,
nauseating scent,1,1,0.0032,1,no,very nauseous,,
negative perception,1,1,0.0032,1,no,Now when the commercial comes on my daughter scoffs and criticizes it,,
no hand pump,1,1,0.0032,1,no,Would of preferred a hand pump with it,,
no improvement,1,1,0.0032,1,no,my heels and arches were left in the same condition,,
no noticeable effect,1,1,0.0032,1,no,didn't really notice anything different,,
no refund,1,1,0.0032,1,no,no me quieren reembolsar el dinero,,
no satisfaction guarantee,1,1,0.0032,1,no,I paid for a product but my satisfaction was not guaranteed,,
no scent change,1,1,0.0032,1,no,Didn’t really notice a difference in smell,,
not human hair,1,1,0.0032,1,no,Hair is ok... it's not 100% human hair tho!,,
not recommended,1,1,0.0032,1,no,Don't recommend,,
not waterproof,1,1,0.0032,1,no,No waterproof smudges easily,,
not worth purchasing,1,1,0.0032,1,no,"Save your money, don't buy this product",,
overall disappointment,1,1,0.0032,1,no,Wow!,,
overcharging,1,1,0.0032,1,no,I am so tired of big pharma and big corporations overcharging,,
overpowering effect,1,1,0.0032,1,no,I think it could remove paint from a car,,
packaging,1,1,0.0032,1,no,Odd packaging,,
packaging integrity,1,1,0.0032,1,no,the hair is not in original packaging,,
packaging labeling,1,1,0.0032,1,no,There is no label,,
packing method,1,1,0.0032,1,no,I packed it in my suit case,,
pain during use,1,1,0.0032,1,no,my daughter says it hurts MORE using this brush,,
pain relief,1,1,0.0032,1,no,don’t notice any pain relief,,
paint condition,1,1,0.0032,1,no,the paint was already peeling off,,
peeling,1,1,0.0032,1,no,Majority of the nail stickers started to peel off within 2 days!,,
peeling process,1,1,0.0032,1,no,It was so painful to peel off,,
plastic thickness,1,1,0.0032,1,no,The plastic is not very thick either,,
plate thickness,1,1,0.0032,1,no,the plates seem to be too thin to hold enough polish,,
plates distance,1,1,0.0032,1,no,The plates on the straightener/ curler are not close enough to straighten,,
plug design,1,1,0.0032,1,no,Never seen a plug like this,,
plug difficulty,1,1,0.0032,1,no,Can be difficult to plug into an already crowded power strip,,
plug size,1,1,0.0032,1,no,Plug in is way to big for our outlets,,
poor product quality,1,1,0.0032,1,no,this has to be the worst product I’ve ever got from Amazon,,
pore cleaning,1,1,0.0032,1,no,it was a no-go for removing anything from my pores,,
powder spillage,1,1,0.0032,1,no,there was powder everywhere once I opened it,,
price value,1,1,0.0032,1,no,for the amount of money I paid for this,,
product,1,1,0.0032,1,no,Don't like it,,
product alignment,1,1,0.0032,1,no,Did not line up,,
product amount,1,1,0.0032,1,no,it is not much product,,
product authenticity,1,1,0.0032,1,no,Not even close to Coty,,
product buildup,1,1,0.0032,1,no,a lot of product build up,,
product comfort,1,1,0.0032,1,no,cause a bump when worn under clothing,,
product compatibility,1,1,0.0032,1,no,This attachment does not fit all blow dryers,,
product composition,1,1,0.0032,1,no,amber color is a film on the glass,,
product contents,1,1,0.0032,1,no,if u like the contents of someones leaf blower,,
product dimensions,1,1,0.0032,1,no,length was including the brush head,not just the handle,
product discontinuation,1,1,0.0032,1,no,discontinue use,,
product effect,1,1,0.0032,1,no,may not make for a relaxing bath,,
product expectations,1,1,0.0032,1,no,Not really what I was expecting,,
product expiration,1,1,0.0032,1,no,It is expired,,
product failure,1,1,0.0032,1,no,Now is completely dead,,
product feature,1,1,0.0032,1,no,I have never seen a wig with a widow peak,,
product freshness,1,1,0.0032,1,no,perhaps i got an old or expired product,,
product ideal,1,1,0.0032,1,no,I loved the ideal of this organic nail polish remover,,
product image accuracy,1,1,0.0032,1,no,The default picture is deceiving,,
product inconsistency,1,1,0.0032,1,no,Poor. I had to return because it seems different,,
product inoperable,1,1,0.0032,1,no,So now i have the tint but nothing to activate it,,
product instructions,1,1,0.0032,1,no,NOT FOR EYEBROWS IN THE INSERT READ,,
product intensity,1,1,0.0032,1,no,these are too much,,
product longevity,2,1,0.0032,2,no,it didn’t last me at all,warmth of body dissolves it quickly,
product malfunction,1,1,0.0032,1,no,The first one that was given as a gift did not work,,
product misrepresentation,1,1,0.0032,1,no,This product is misleading,,
product modification,1,1,0.0032,1,no,They changed the teeth in the one I usually bought,,
product necessity,1,1,0.0032,1,no,I used it in hospital during recovery and need to use it,,
product not received,1,1,0.0032,1,no,Lo único que no mea llegado,,
product opened,1,1,0.0032,1,no,product was opened upon arrival,,
product placement,1,1,0.0032,1,no,floating in your tub,,
product purchase,1,1,0.0032,1,no,Don’t buy this.,,
product purchase reason,1,1,0.0032,1,no,I bought this bc the Hairgami was sold out,,
product purity,1,1,0.0032,1,no,that this is 100%Aloe Vera,,
product reliability,1,1,0.0032,1,no,every single one of them have come off,,
product representation,1,1,0.0032,1,no,the pictures are a bit misleading,,
product residue,1,1,0.0032,1,no,I had my best conditioner still in my hair,,
product scam,1,1,0.0032,1,no,this product is a scam,,
product sharpness,1,1,0.0032,1,no,we're not sharp at all,,
product source,1,1,0.0032,1,no,I bought this on another site because of reviews here,,
product spillage,1,1,0.0032,1,no,It gets EVERYWHERE,,
product staining,1,1,0.0032,1,no,Stains all over my sink and countertop,,
product stickiness,1,1,0.0032,1,no,packs stick to everything,,
product stops working,1,1,0.0032,1,no,Only had for a few months and it stopped working.,,
product style,1,1,0.0032,1,no,I appreciate dramatic lashes,,
product tampering,1,1,0.0032,1,no,Both were OPEN!!!,,
product texture,3,1,0.0032,3,no,The hair is straight and European or Asian textured,stayed sticky hours after drying,comes off in small clumps
product texture change,1,1,0.0032,1,no,I received creamy textured shampoo,,
product type,1,1,0.0032,1,no,I just wanted a powder blush,,
product type mismatch,1,1,0.0032,1,no,"It's supposed to be a brush, but it's not.",,
product unused,1,1,0.0032,1,no,"Bought it, but never used it!",,
product variety,1,1,0.0032,1,no,you get a lot of different images,,
product waste,1,1,0.0032,1,no,I wasted some product before I figured it out,,
promotional claim,1,1,0.0032,1,no,It was supposed to be a deal of the day!,,
pump functionality,1,1,0.0032,1,no,Expected the pump to work better,,
purchase date,1,1,0.0032,1,no,I bought one in Aug. 2016,,
purchase recommendation,1,1,0.0032,1,no,Don't buy this product!,,
purpose,1,1,0.0032,1,no,Only needed these for holding hair while using straight iron,,
rating,1,1,0.0032,1,no,I am giving it a 3 out of 5,,
razor head wear,1,1,0.0032,1,no,use this razor maybe 20 times since bought and head,,
refund process,1,1,0.0032,1,no,They did however refund my money when I complained,,
removal,1,1,0.0032,1,no,had to get a towel to get it all off,,
removal difficulty,1,1,0.0032,1,no,difficult to get off your lashes,,
remover effectiveness,1,1,0.0032,1,no,the remover however failed to do its job,I ended up using rubbing alcohol to remove it,
repair difficulty,1,1,0.0032,1,no,annoying problem,,
repeated failure,1,1,0.0032,1,no,They sent me a new but the same thing happened,,
return policy issue,1,1,0.0032,1,no,can’t return it,,
return process,1,1,0.0032,1,no,It's quiet unfortunate as my schedule is very busy,I don't need to waste time going to return it,
return required,1,1,0.0032,1,no,Has to send back.,,
review content,1,1,0.0032,1,no,Not much to say here,,
roller function,1,1,0.0032,1,no,The smaller part of the roller does not roll,,
room coverage,1,1,0.0032,1,no,won't work for full sized room,,
scalp accessibility,1,1,0.0032,1,no,Hard to reach the scalp,,
scent consistency,1,1,0.0032,1,no,nor is it the same wild musk I remember from my youth,,
scent intolerance,1,1,0.0032,1,no,could not take it,,
scent longevity,1,1,0.0032,1,no,fragrance dissipates before you know it,,
scent mismatch,1,1,0.0032,1,no,This item doesn’t have the scent,she said it’s not even close,
search results,1,1,0.0032,1,no,PLEASE STOP HAVING IT COME UP ON THE EYEBROW DYE,,
self consciousness,1,1,0.0032,1,no,made me too self conscious,,
shaving effectiveness,1,1,0.0032,1,no,not as close as even the worst blade I've used,,
shaving head texture,1,1,0.0032,1,no,the shaving head was not smooth,,
shaving screen position,1,1,0.0032,1,no,shaving screen sticks up from the head,,
short duration,1,1,0.0032,1,no,Didn’t seem to last long though,,
short shaving time,1,1,0.0032,1,no,I couldn’t keep shaving after 3 minutes,,
shower floor compatibility,1,1,0.0032,1,no,my shower floor must not be normal,,
size difficulty,1,1,0.0032,1,no,It was hard to get a feel for the actual size,,
size options,1,1,0.0032,1,no,Not enough sizes to fit,,
skin bleeding,1,1,0.0032,1,no,I started bleeding in some parts of my face,,
skin breakouts,1,1,0.0032,1,no,caused me to break out,,
skin discoloration,1,1,0.0032,1,no,Turned my finger green the first day,,
skin dryness,1,1,0.0032,1,no,Rinsed off well... Very dry,,
skin improvement,1,1,0.0032,1,no,have not noted any improvement in skin,,
skin sensitivity,1,1,0.0032,1,no,she just has extremely sensitive skin,,
skin smoothness,1,1,0.0032,1,no,not smooth at all,,
skin texture,1,1,0.0032,1,no,My skin gets flaky,,
sleekness,1,1,0.0032,1,no,does not give me the sleek look that I like,,
slow delivery,1,1,0.0032,1,no,It took about a week to get delivered,,
spray pattern,1,1,0.0032,1,no,it sprays a straight line,,
sprayer functionality,1,1,0.0032,1,no,both sprayers pick and choose when to work,they always seem to get stuck,
spring design,1,1,0.0032,1,no,hinged springs keep slipping out of their holes,,
sticky formula,1,1,0.0032,1,no,soooo sticky,,
stiff bristles,1,1,0.0032,1,no,Brushes are alot more stiff then I had wanted,,
stiffness,1,1,0.0032,1,no,the stiffness I will call disappointing at best,,
stones missing,1,1,0.0032,1,no,lost several stones,,
storage container,1,1,0.0032,1,no,do not store in metal canister,,
strong scent,1,1,0.0032,1,no,strong perfume smell,,
sturdiness,1,1,0.0032,1,no,not sturdy,,
synthetic fragrance,1,1,0.0032,1,no,The fragrance in this product is synthetic,,
synthetic hair cling,1,1,0.0032,1,no,synthetic hair clung to every shirt I tried on,,
tangling,1,1,0.0032,1,no,horribly tangles,,
thick hairline,1,1,0.0032,1,no,"the hairline was VERY, VERY thick",,
tingling sensation,1,1,0.0032,1,no,small tingling sensation,,
transfer effectiveness,1,1,0.0032,1,no,The image doesn't transfer well onto the stamper,,
uncomfortable surface,1,1,0.0032,1,no,You move foot right into the hard plastic,,
uncomfortable texture,1,1,0.0032,1,no,most uncomfortable and annoying feeling ever,,
uneven cut,1,1,0.0032,1,no,cut uneven,,
unintended strength,1,1,0.0032,1,no,I have never used it on any setting but the lowest!!!,,
unknown issue,1,1,0.0032,1,no,no se que apaso,,
unnecessary power,1,1,0.0032,1,no,"Man, who has feet that would need this kind of power?",,
usage frequency,1,1,0.0032,1,no,I only use this mirror a few times a week,,
user effort required,1,1,0.0032,1,no,Plan on doing your own research on how to use these items,,
user experience,1,1,0.0032,1,no,makes for a bad experience,,
vague instructions,1,1,0.0032,1,no,Just a few very vague pictures,,
value,1,1,0.0032,1,no,Save your money,,
vision protection,1,1,0.0032,1,no,I value my vision,,
white cast,1,1,0.0032,1,no,leaves a white cast,,
zipper functionality,1,1,0.0032,1,no,Did not keep the zipper on my face,,
beard wash effectiveness,1,0,0.0000,1,no,beard wash was lack luster,,
bristles length,1,0,0.0000,1,no,the bristles are a bit short on the larger brushes,,
clean smell,1,0,0.0000,1,no,Its pretty good with a clean smell,,
clean up,1,0,0.0000,1,no,it can be a huge pain to clean up,,
connection issues,1,0,0.0000,1,no,started loosing connection about a year in,,
cracks when dried,1,0,0.0000,1,no,It only cracks when its dried out,,
dividers falling off,1,0,0.0000,1,no,they always fall off for some reason,,
dividers not staying,1,0,0.0000,1,no,compartment dividers would stay on,,
fda approval,1,0,0.0000,1,no,not FDA approved for people,,
flavor intensity,1,0,0.0000,1,no,i didnt not expect it for it to nuf flavor so much,,
flavor retention,1,0,0.0000,1,no,i had read that vg does not hold flavor to well,,
foaming,1,0,0.0000,1,no,doesn't foam,,
grinding,1,0,0.0000,1,no,grind more finely,,
grittiness,1,0,0.0000,1,no,gritty,,
hand piece functionality,1,0,0.0000,1,no,the hand piece does not work any longer,,
heating issue,1,0,0.0000,1,no,one of the barrels will not heat up anymore,,
itching,1,0,0.0000,1,no,itched slightly,,
lather,1,0,0.0000,1,no,good lather,,
logo positioning,1,0,0.0000,1,no,apple logo is a little off center,,
mess,1,0,0.0000,1,no,it does make a HUGE mess,you have to be careful of the mess,
missing fat,1,0,0.0000,1,no,whered the fat go,,
missing small brushes,1,0,0.0000,1,no,no small brushes in this such as an eyeliner or brow brush,,
neck placement,1,0,0.0000,1,no,high up on the neck,,
no complaint,1,0,0.0000,1,no,I can't complain though,,
no ill effects,1,0,0.0000,1,no,never had any ill effect,,
pet damage,1,0,0.0000,1,no,till my dog chewed up,,
product color,1,0,0.0000,1,no,a couple of the colors that I received,NO ONE wants,"bright, neon orange with glitter flecks"
product condition,1,0,0.0000,1,no,first one came to me really bad,you all made it u,
product size options,1,0,0.0000,1,no,Any possibility of just buying the three smallest brushes?,,
rough texture,1,0,0.0000,1,no,Initially it does feel a bit rough,,
safety concerns,1,0,0.0000,1,no,Can it hurt yourself with this,,
scent persistence,1,0,0.0000,1,no,I don't smell it after my hair is dry,,
shaving,1,0,0.0000,1,no,good shaving,,
taste,1,0,0.0000,1,no,taste is strong,,
usage instructions,1,0,0.0000,1,no,I suggest starting this product when your lashes are at their best,,
weight loss,1,0,0.0000,1,no,My suitcase just lost several pounds with these!,,
wet hair performance,1,0,0.0000,1,no,doesn't work very well on wet hair,,
wife's smell,1,0,0.0000,1,no,the wife hated the smell,,
